AGENT_ID,AGENT_NAME,DATE_OF_JOINING,CITY,STATE
AGENT00001,Ray Johns,6/5/1993,Waterbury Center,VT
AGENT00002,Angelo Borjon,12/27/2005,Panama City,FL
AGENT00003,Candy Spellman,9/2/2003,Fayetteville,AR
AGENT00004,Mary Smith,9/23/2004,Panama City,FL
AGENT00005,Mildred Diaz,6/21/2011,Montgomery,AL
AGENT00006,Linda Butler,9/2/2000,Anchorage,AK
AGENT00007,Michael Hoskins,10/26/1993,Glendale,AZ
AGENT00008,Carolyn Quesada,11/15/2003,Panama City,FL
AGENT00009,Marilyn Allen,12/24/2009,Washington,DC
AGENT00010,Bernard Haug,9/4/1992,Fayetteville,AR
AGENT00011,Nancy Coronado,1/31/2002,Washington,DC
AGENT00012,Jeffrey Forbis,8/5/2010,Fayetteville,AR
AGENT00013,Carolyn Jones,6/3/2004,Oakland,CA
AGENT00014,Larry Dryer,2/22/2005,Oakland,CA
AGENT00015,Charles George,1/31/1998,Noble,OK
AGENT00016,Lawrence French,3/27/2001,Arvada,CO
AGENT00017,Robert Gordon,9/9/2003,Fayetteville,AR
AGENT00018,Rita Allaire,9/30/1990,Montgomery,AL
AGENT00019,Letitia Friedman,3/3/2015,Louisville,KY
AGENT00020,Freddy Kelly,11/7/2004,Savannah,GA
AGENT00021,Robert Barnes,8/1/1992,Hyde Park,VT
AGENT00022,Jeffery Mcbride,1/13/1997,Washington,DC
AGENT00023,Amy Venice,12/11/2009,,VT
AGENT00024,Herbert Harris,5/10/1991,Oklahoma City,OK
AGENT00025,Elizabeth Mobley,12/8/2010,Glendale,AZ
AGENT00026,Josephine Amorosi,9/23/2011,Fayetteville,AR
AGENT00027,Jaqueline Hanson,4/20/2010,Panama City Beach,FL
AGENT00028,Pam Evans,7/30/2012,Washington,DC
AGENT00029,Heather Cantwell,4/19/1995,Glendale,AZ
AGENT00030,Georgia Kenny,2/21/1996,Union City,CA
AGENT00031,Grace Rogers,9/16/2007,Anchorage,AK
AGENT00032,Russell Frost,8/7/1991,Montpelier,VT
AGENT00033,Arturo Cole,11/15/1996,Alameda,CA
AGENT00034,Yvonne Sanders,6/1/2007,Nashville,TN
AGENT00035,David Dolan,11/22/1996,Carson,CA
AGENT00036,Gregory Williamson,9/11/1991,Odenton,MD
AGENT00037,Teresa Garcia,12/19/2016,Aspen,CO
AGENT00038,Harold Ward,1/24/1993,Pooler,GA
AGENT00039,Jeremy Fields,6/10/2002,Louisville,KY
AGENT00040,Michael Riley,12/15/2010,Belchertown,MA
AGENT00041,John Tallman,4/22/2006,Del City,OK
AGENT00042,Esther Ahmed,2/27/2010,Manchester,CT
AGENT00043,Mary Norris,8/7/2011,Arvada,CO
AGENT00044,Earnest White,8/21/2013,Arvada,CO
AGENT00045,Frances Melia,3/9/2001,Savannah,GA
AGENT00046,William Ramos,11/11/2001,Hayward,CA
AGENT00047,Henry Arends,6/13/2009,Saint Johnsbury,VT
AGENT00048,Olivia Cramer,3/27/2008,Manchester,CT
AGENT00049,Saul Conyers,12/6/2007,Arvada,CO
AGENT00050,Barry Reynolds,6/22/2009,Oklahoma City,OK
AGENT00051,Andrea Schiller,4/19/2006,Farmington,AR
AGENT00052,Evelyn Mckinney,5/2/2018,Manchester,CT
AGENT00053,Stella Gilbert,10/12/1991,Louisville,KY
AGENT00054,William Vang,12/21/1990,Bloomingdale,GA
AGENT00055,Wendi Hensley,2/21/1992,Nashville,TN
AGENT00056,Daniel Nance,11/28/2016,Union City,CA
AGENT00057,Debra Tripp,3/12/2011,Washington,DC
AGENT00058,Nannie Thomas,8/31/1994,Washington,DC
AGENT00059,Suzanne Amador,12/14/2008,Louisville,KY
AGENT00060,Vincent Rule,12/21/2000,Louisville,KY
AGENT00061,Curtis Griffin,7/29/1994,San Leandro,CA
AGENT00062,Diane Marburger,8/24/2012,Fayetteville,AR
AGENT00063,Leslie Lee,10/17/1998,Litchfield Park,AZ
AGENT00064,James Evans,5/29/2003,Waitsfield,VT
AGENT00065,Elizabeth Curry,8/17/2009,Glendale,AZ
AGENT00066,Danielle Visvardis,9/16/2014,Worcester,MA
AGENT00067,Jonathan Smith,8/9/2003,Louisville,KY
AGENT00068,Debra Ortega,6/17/2015,Manchester,CT
AGENT00069,Christian Nusbaum,7/21/2016,Montgomery,AL
AGENT00070,Sylvia Buckley,10/19/1996,Severna Park,MD
AGENT00071,Karen Olsen,7/17/2003,Fremont,CA
AGENT00072,Kate Mendes,12/2/1992,Peabody,MA
AGENT00073,Edgar Vazquez,7/7/2011,Anchorage,AK
AGENT00074,Claire Decinti,4/22/1999,Pleasanton,CA
AGENT00075,Judy Kesselman,2/10/2001,Haverhill,MA
AGENT00076,Jason Dowling,4/27/1996,Panama City,FL
AGENT00077,Larry Sheley,8/8/1993,Norman,OK
AGENT00078,Shane Mclarty,4/10/2017,Mountain View,CA
AGENT00079,Rivka Robinson,12/11/1997,Washington,DC
AGENT00080,Gary Simmons,7/10/2014,Glendale,AZ
AGENT00081,Frances Kocka,7/2/1995,Glendale,AZ
AGENT00082,Bruce Rollins,3/13/2015,Nashville,TN
AGENT00083,Christopher Fontenot,6/29/1990,Louisville,KY
AGENT00084,Brandon Fujii,7/8/2011,Anchorage,AK
AGENT00085,Suzanne Rutan,12/19/2000,Oklahoma City,OK
AGENT00086,Shelia Morales,4/22/2002,Nashville,TN
AGENT00087,Hazel Riegel,11/27/1998,Hayward,CA
AGENT00088,Sara Keith,1/28/2009,Pleasanton,CA
AGENT00089,Jill Chreene,2/20/1996,Annapolis,MD
AGENT00090,Joshua Cherry,11/22/1990,Manchester,CT
AGENT00091,Marie Driver,4/27/1998,Hayward,CA
AGENT00092,Gary Fernandez,3/3/2010,Savannah,GA
AGENT00093,Christian Rau,1/13/2015,Brentwood,TN
AGENT00094,Claudia Lennon,4/29/2013,Crofton,MD
AGENT00095,Brenda Poston,1/13/2018,Manchester,CT
AGENT00096,Terry Shaw,7/3/1990,Arvada,CO
AGENT00097,Walter Wetzel,5/1/1999,Montgomery,AL
AGENT00098,Fred Watson,9/24/1994,Panama City Beach,FL
AGENT00099,Sandra Hayashi,1/31/2003,Glendale,AZ
AGENT00100,Steve Hayes,9/21/2014,Anchorage,AK
AGENT00101,Gary Rogers,7/21/2000,Arvada,CO
AGENT00102,Mary Baker,4/9/1996,Washington,DC
AGENT00103,Jeffery Filgo,7/6/1995,Panama City,FL
AGENT00104,Howard Carter,9/22/1997,Anchorage,AK
AGENT00105,Jonathan Labonte,1/7/1992,Arvada,CO
AGENT00106,Alice Burcham,5/9/1997,Savannah,GA
AGENT00107,Heather Miramontes,9/11/2000,Manchester,CT
AGENT00108,Tiffany Blackwell,4/8/2003,Baltimore,MD
AGENT00109,Jesse Nunes,5/10/2003,Lynn Haven,FL
AGENT00110,Joseph Stauffer,2/23/1997,Berkeley,CA
AGENT00111,Philip Mabrey,9/7/2013,Fayetteville,AR
AGENT00112,Trina Chaney,1/7/2009,Manchester,CT
AGENT00113,Ethel Cotton,1/4/2013,Antioch,CA
AGENT00114,Paul Bream,8/30/2003,Savannah,GA
AGENT00115,Joyce Adams,5/29/1992,Montgomery,AL
AGENT00116,Christopher Allen,4/21/1998,Holbrook,MA
AGENT00117,Janice Hammen,6/14/1994,Louisville,KY
AGENT00118,Carl Balado,10/26/2007,Edmond,OK
AGENT00119,Ronald Smith,1/18/1992,Fayetteville,AR
AGENT00120,Janet Scales,6/16/2010,Fayetteville,AR
AGENT00121,Ryan Barnes,6/1/2009,Anchorage,AK
AGENT00122,Tom Williams,12/14/2004,Woodford,VT
AGENT00123,Tanya Fontenot,2/23/1991,Arvada,CO
AGENT00124,Kelly Dover,8/28/1999,Colchester,VT
AGENT00125,Salvador Soriano,11/17/2013,Panama City,FL
AGENT00126,Dianne Halsema,8/24/2006,Oklahoma City,OK
AGENT00127,Kenneth Perez,4/11/2005,Sutter Creek,CA
AGENT00128,Richard Kessler,1/3/1998,Rancho Palos Verdes,CA
AGENT00129,Marie Sena,5/6/2013,Pleasanton,CA
AGENT00130,Richard Watts,3/19/2011,Washington,DC
AGENT00131,Donald Saxton,6/14/1992,Savannah,GA
AGENT00132,Peggy Williams,12/16/2004,Anchorage,AK
AGENT00133,Teresa Parks,6/1/2013,Panama City Beach,FL
AGENT00134,Santiago Somers,8/13/2002,Arvada,CO
AGENT00135,Robert Blair,10/12/1999,Savannah,GA
AGENT00136,Denise Newsome,3/31/1998,Montgomery,AL
AGENT00137,Dominick Ellis,5/20/1998,Montgomery,AL
AGENT00138,Linda Grier,7/19/1996,Pleasanton,CA
AGENT00139,Norman Sledge,2/22/1996,Savannah,GA
AGENT00140,Sergio Randolph,3/21/1997,Louisville,KY
AGENT00141,Mike Cress,4/18/2003,,VT
AGENT00142,Leland Low,7/1/2016,Arvada,CO
AGENT00143,Malinda Hughes,7/7/2012,Berkeley,CA
AGENT00144,Lillie Mcdonald,12/9/2001,Evans,CO
AGENT00145,Leann Hernandez,7/22/2005,Anchorage,AK
AGENT00146,Margaret Swindell,6/14/2009,Panama City Beach,FL
AGENT00147,Brian Webb,5/25/2013,Boxborough,MA
AGENT00148,Vanessa White,5/10/1999,Louisville,KY
AGENT00149,Penny Diemer,12/12/2009,Manchester,CT
AGENT00150,Leonardo Varghese,9/21/2001,Nashville,TN
AGENT00151,Lois House,2/11/2008,Pooler,GA
AGENT00152,John Hensel,11/11/1995,Louisville,KY
AGENT00153,Pat Hartman,8/18/2004,Anchorage,AK
AGENT00154,Jacquelyn Webb,2/27/2008,Oklahoma City,OK
AGENT00155,Doris Spaulding,5/8/2001,Midwest City,OK
AGENT00156,Mary Lane,8/9/1996,Stratton,VT
AGENT00157,Johnnie Mclain,6/7/2010,Anchorage,AK
AGENT00158,Jim Rippee,9/21/2017,Louisville,KY
AGENT00159,John Hemphill,3/8/1993,Washington,DC
AGENT00160,Daniel Wilcox,6/16/2000,Richford,VT
AGENT00161,Michael Furnace,9/17/2017,Glen Burnie,MD
AGENT00162,Jackie Ruiz,2/26/1996,Nashville,TN
AGENT00163,George Bastian,5/6/2009,Manchester,CT
AGENT00164,Joanne Bynoe,1/3/1998,Goodlettsville,TN
AGENT00165,Victoria Hicks,3/3/2005,Fremont,CA
AGENT00166,Alison Allison,5/18/1995,Edmond,OK
AGENT00167,William Wiggins,1/13/1993,Fresno,CA
AGENT00168,Maria Mcdonald,9/20/2009,Cambridge,MA
AGENT00169,Shanna Palacios,5/19/1998,Annapolis,MD
AGENT00170,Kyle Allen,2/27/2012,Farmington,AR
AGENT00171,John Lolley,12/27/2007,Washington,DC
AGENT00172,Sonia Barnhill,10/21/1992,Anchorage,AK
AGENT00173,James Schroepfer,5/29/2007,Arvada,CO
AGENT00174,Leonard Martin,10/2/2008,Glen Burnie,MD
AGENT00175,Mario Willis,12/5/2004,Panama City,FL
AGENT00176,Oscar Reinke,4/24/2013,Manchester,CT
AGENT00177,Fran Maney,1/11/1997,Manchester,CT
AGENT00178,Jeffrey Clark,5/2/2011,Morro Bay,CA
AGENT00179,Gregory Maxwell,5/21/2002,Washington,DC
AGENT00180,Chad Cardwell,11/7/2007,Pooler,GA
AGENT00181,Judy Harris,1/21/2002,Arvada,CO
AGENT00182,Arlene Lopez,5/6/1993,Midwest City,OK
AGENT00183,Grady Gorsky,2/4/2012,Davis,CA
AGENT00184,Christopher Moore,5/24/2008,Oakhurst,CA
AGENT00185,Michael Wolfe,3/31/2012,Fayetteville,AR
AGENT00186,Clifford Price,3/10/2009,Montgomery,AL
AGENT00187,Marilyn Ledford,3/3/1997,Glendale,AZ
AGENT00188,Judith Sweet,1/21/1997,Oklahoma City,OK
AGENT00189,Trevor Munoz,3/26/2002,Nashville,TN
AGENT00190,Mary Jackson,11/5/2004,Washington,DC
AGENT00191,Eric Keith,10/21/1990,Glen Burnie,MD
AGENT00192,Hassan Taylor,1/8/2014,Savannah,GA
AGENT00193,John Buck,5/22/2017,Oakland,CA
AGENT00194,Denita Hall,7/28/2008,Millersville,MD
AGENT00195,Kathryn Lowe,11/28/2017,Reading,VT
AGENT00196,Michael Davila,1/29/2017,Manchester,CT
AGENT00197,Gerald Barretto,3/26/2009,Norman,OK
AGENT00198,William Jones,11/25/2011,Savannah,GA
AGENT00199,Norman Hendon,2/18/2015,Fayetteville,AR
AGENT00200,Kayla Place,1/26/2015,Louisville,KY
AGENT00201,Martha Ray,4/25/1998,Fremont,CA
AGENT00202,Michael Grimes,6/6/2016,Washington,DC
AGENT00203,Linda Adair,4/10/2014,Washington,DC
AGENT00204,Gary Carter,6/4/1991,Anchorage,AK
AGENT00205,Rebekah Dawson,2/26/2010,Washington,DC
AGENT00206,Wm Combs,3/13/2006,Glendale,AZ
AGENT00207,James Willis,11/25/2004,Glen Burnie,MD
AGENT00208,Irene Echeverria,1/16/2008,Fairfield,CA
AGENT00209,John Fullmer,4/5/2011,Panama City Beach,FL
AGENT00210,Susan Morace,4/21/2011,Washington,DC
AGENT00211,Lillian Floyd,8/15/2013,Washington,DC
AGENT00212,Lynne Collins,5/7/2012,Lynn Haven,FL
AGENT00213,Christopher Flores,7/2/1993,Arvada,CO
AGENT00214,Margaret Burks,6/22/1995,Savannah,GA
AGENT00215,Alejandro Moran,11/23/2006,Nashville,TN
AGENT00216,Claudia Layden,4/13/2008,Annapolis,MD
AGENT00217,Deborah Zeller,9/8/2014,Fayetteville,AR
AGENT00218,Tina Vallejo,10/12/2008,Manchester,CT
AGENT00219,Gary Grigsby,11/20/2008,Fayetteville,AR
AGENT00220,Debbie Beegle,11/20/2002,Savannah,GA
AGENT00221,Stephen Romney,10/11/2015,Litchfield Park,AZ
AGENT00222,Jewell Johnson,11/19/2012,Glendale,AZ
AGENT00223,Elizabeth Dayton,11/12/2007,Arvada,CO
AGENT00224,Evelyn Ortiz,8/24/2009,Arvada,CO
AGENT00225,Judith Piacente,3/1/2006,Manchester,CT
AGENT00226,David Stephenson,6/10/1999,Anchorage,AK
AGENT00227,Percy Rodriguez,2/20/2018,Montgomery,AL
AGENT00228,Omar Butler,2/6/1994,Savannah,GA
AGENT00229,Roman Hartman,9/20/1994,Anchorage,AK
AGENT00230,Mark Lee,8/27/1997,Washington,DC
AGENT00231,Melissa Whitman,5/4/2000,Manchester,CT
AGENT00232,Mildred Drummond,1/10/2017,Severn,MD
AGENT00233,Carol Battles,2/3/1991,Anchorage,AK
AGENT00234,Marvin Ritter,5/6/2013,Fayetteville,AR
AGENT00235,Barbara Pearce,2/28/2008,Woodland,CA
AGENT00236,Jan Jones,10/4/1991,Louisville,KY
AGENT00237,Julie Matthews,6/29/2013,Pasadena,MD
AGENT00238,Robert Sampsell,11/3/2002,Manchester,CT
AGENT00239,Mildred Howell,5/21/2009,Midwest City,OK
AGENT00240,Ruth Ferrell,11/26/2012,Manchester,CT
AGENT00241,Kevin Howard,2/24/2012,Montgomery,AL
AGENT00242,Nellie Holt,9/4/2017,Montgomery,AL
AGENT00243,Lindsay Bolin,1/25/2014,Manchester,CT
AGENT00244,David Dutton,5/31/2017,Fremont,CA
AGENT00245,Angelica Rayburn,9/12/2005,Fayetteville,AR
AGENT00246,Rafael Scott,3/4/2001,Pasadena,MD
AGENT00247,Brenda Estrada,8/4/2003,Oklahoma City,OK
AGENT00248,Orville Noto,5/17/1991,Pleasanton,CA
AGENT00249,Clayton Bickers,4/13/2010,Manchester,CT
AGENT00250,Adrian Calderon,6/28/2002,Washington,DC
AGENT00251,James Alexander,2/24/2015,Savannah,GA
AGENT00252,Harold Bonn,10/7/1991,Anchorage,AK
AGENT00253,Michael Cauffman,10/9/1996,Mexico Beach,FL
AGENT00254,Freda Dudley,1/17/2013,Savannah,GA
AGENT00255,Dorothy Inabinet,10/5/2009,Anchorage,AK
AGENT00256,Margaret Styons,9/9/1995,Lynn Haven,FL
AGENT00257,Floyd Ruiz,6/22/2002,Eureka,CA
AGENT00258,Daniel Kissee,9/13/2014,Nashville,TN
AGENT00259,Jerome Chittenden,9/4/2012,San Leandro,CA
AGENT00260,Cleveland Feyh,8/28/1991,Savannah,GA
AGENT00261,Jorge Yusef,11/21/2000,Montgomery,AL
AGENT00262,Stuart Lopez,6/23/2002,Anchorage,AK
AGENT00263,Marita Swearengin,11/4/1991,Mammoth Lakes,CA
AGENT00264,Alfredo Roy,5/31/2002,Berkeley,CA
AGENT00265,Roberta Lewis,6/1/2000,Louisville,KY
AGENT00266,Theresa Pelfrey,9/1/2015,Arvada,CO
AGENT00267,Richard Sideris,10/9/1999,Tampa,FL
AGENT00268,Ryan Lehman,8/29/2004,Washington,DC
AGENT00269,Lorraine Johnson,9/27/2011,,VT
AGENT00270,Robert Inks,1/18/2017,Litchfield Park,AZ
AGENT00271,John Krammes,2/8/2008,Glendale,AZ
AGENT00272,Jordon Morris,8/3/2007,Manchester,CT
AGENT00273,Belinda Robertson,11/6/2002,Fayetteville,AR
AGENT00274,Jenny Blessing,10/1/1999,Thetford,VT
AGENT00275,John Kirby,1/5/2002,Savannah,GA
AGENT00276,Michael Robbins,7/7/1996,Montgomery,AL
AGENT00277,Joseph Elmore,5/22/2015,Arvada,CO
AGENT00278,Patricia Tucker,6/12/2007,Norman,OK
AGENT00279,Claude High,4/9/1995,Manchester,CT
AGENT00280,Randy Wren,6/18/2008,Fayetteville,AR
AGENT00281,Ann Campos,6/5/2009,Nashville,TN
AGENT00282,Marty Lanier,7/22/2016,Fremont,CA
AGENT00283,Stefani Good,3/11/2000,Glendale,AZ
AGENT00284,Laura Carroll,5/31/2007,Berkeley,CA
AGENT00285,Anthony Leatherwood,3/21/2009,Nashville,TN
AGENT00286,Hans Woodward,4/13/1994,Freetown,MA
AGENT00287,Barbera Payne,4/19/2007,Severn,MD
AGENT00288,Michael Fowler,10/8/2002,Guthrie,OK
AGENT00289,Kayla Pearson,9/6/1998,Glendale,AZ
AGENT00290,Marjorie Roberts,6/25/1990,Oklahoma City,OK
AGENT00291,Jeff Johnson,1/6/1995,Arvada,CO
AGENT00292,Agnes Alsip,1/23/2018,Savannah,GA
AGENT00293,Judy Drinkwater,10/31/1993,Arvada,CO
AGENT00294,Gary Scott,4/25/2008,Bakersfield,CA
AGENT00295,Alfred Hensley,6/30/2001,Louisville,KY
AGENT00296,Vernon Stanfield,4/21/2005,Pooler,GA
AGENT00297,David Parkin,2/14/1995,Thetford,VT
AGENT00298,Mickey Flanigan,12/13/2013,Arvada,CO
AGENT00299,Virginia Huston,2/20/2000,Manchester,CT
AGENT00300,Sean Tate,8/11/2007,Tyndall Air Force Base,FL
AGENT00301,Devorah Mignot,10/19/1995,Washington,DC
AGENT00302,Brenda Trent,8/27/1997,Panama City,FL
AGENT00303,Deana Hetzler,4/11/2007,Montgomery,AL
AGENT00304,Andrea Storey,8/22/2010,Union City,CA
AGENT00305,Randall Gutierrez,8/15/1997,Montgomery,AL
AGENT00306,Mary Talley,2/7/2010,Oakland,CA
AGENT00307,John Roberts,7/16/2005,Arvada,CO
AGENT00308,Ernesto Brown,4/27/1998,Fayetteville,AR
AGENT00309,Lee Nieland,1/30/2018,Annapolis,MD
AGENT00310,Donna Tanaka,9/23/2006,Greeley,CO
AGENT00311,Harry Butts,10/2/2000,Fayetteville,AR
AGENT00312,Danielle Caddell,7/9/1998,Colchester,VT
AGENT00313,Jean Cedeno,3/10/2011,Montgomery,AL
AGENT00314,Rosemary Turman,7/16/1998,Louisville,KY
AGENT00315,Jean Mcdonald,9/2/2016,Nashville,TN
AGENT00316,Elizabeth King,1/23/2017,Washington,DC
AGENT00317,Rita Hix,4/30/2009,Anchorage,AK
AGENT00318,Annie Sykes,1/14/2010,Arvada,CO
AGENT00319,Frances Kimble,3/17/2010,Hayward,CA
AGENT00320,Melody Lopez,1/13/1998,Glendale,AZ
AGENT00321,George Ellis,11/22/2004,Westminster,CO
AGENT00322,Edgar Talley,6/2/2013,East Longmeadow,MA
AGENT00323,Blanche Pace,10/6/2010,Norman,OK
AGENT00324,Barbara Hernandez,12/13/1994,Panama City,FL
AGENT00325,Beverly Veil,3/12/2006,Fairfield,CA
AGENT00326,Rowena Nakken,3/29/2015,Glendale,AZ
AGENT00327,Julie Kimsey,1/8/2013,Washington,DC
AGENT00328,James Obrien,12/27/1996,Morro Bay,CA
AGENT00329,James Gilmartin,12/12/2011,Washington,DC
AGENT00330,Amy Ballance,11/25/2014,Norman,OK
AGENT00331,Colton Murphy,7/2/2012,Woodford,VT
AGENT00332,Willie Mortensen,9/10/2008,Anchorage,AK
AGENT00333,Catherine Rojas,10/20/1996,Washington,DC
AGENT00334,Barbara Corriveau,1/9/1996,Manchester,CT
AGENT00335,Jermaine Davis,8/17/2002,Montgomery,AL
AGENT00336,Wanda Koehl,2/12/2015,Louisville,KY
AGENT00337,Misty Ohara,3/1/2000,Fayetteville,AR
AGENT00338,Kristine Hamilton,4/10/2003,Brockton,MA
AGENT00339,James Mason,8/2/1998,Manchester,CT
AGENT00340,John Ozment,5/26/1995,Nashville,TN
AGENT00341,Caitlin Heiden,12/9/2013,Arvada,CO
AGENT00342,James Horn,7/14/1999,Fayetteville,AR
AGENT00343,Heather Piper,10/15/2006,Castro Valley,CA
AGENT00344,Socorro Jones,8/19/2009,Hesperia,CA
AGENT00345,Alfredo Dilsaver,2/8/1992,Nashville,TN
AGENT00346,Ruby Candelaria,8/17/2002,Vershire,VT
AGENT00347,Tammie Ansbro,12/5/2001,Nashville,TN
AGENT00348,Cindy Darden,6/4/2012,Framingham,MA
AGENT00349,Ralph Peyser,11/8/1999,Hayward,CA
AGENT00350,Jessica Lipkin,3/5/2012,Castro Valley,CA
AGENT00351,Sally Hayden,10/19/2015,Ardmore,OK
AGENT00352,Twila Martin,5/13/2010,Aurora,CO
AGENT00353,Sara Fincher,5/12/2018,Montgomery,AL
AGENT00354,Steven Reed,6/21/1996,Waddell,AZ
AGENT00355,Gilberte Emerson,12/26/2009,Montgomery,AL
AGENT00356,Helen Goldman,6/20/2007,Waddell,AZ
AGENT00357,Monty Smith,8/29/2009,Pasadena,MD
AGENT00358,Mary Tademy,10/24/1996,Arvada,CO
AGENT00359,Jennifer Harrison,4/24/1998,Nashville,TN
AGENT00360,Carlene Juarez,5/12/2018,Manchester,CT
AGENT00361,Margaret Glover,10/13/1995,Panama City,FL
AGENT00362,Rosie Charles,9/16/2006,Severna Park,MD
AGENT00363,Elizabeth Kettle,8/4/2016,Glendale,AZ
AGENT00364,Carole Silva,11/5/2001,Louisville,KY
AGENT00365,Arthur Anderson,1/7/2018,Annapolis,MD
AGENT00366,Marcus Sitko,9/24/2015,Cupertino,CA
AGENT00367,Nancy Marbley,12/19/1992,Montgomery,AL
AGENT00368,Helen Curry,10/12/1996,Montgomery,AL
AGENT00369,Joel Buss,3/24/2009,Savannah,GA
AGENT00370,Nadine Bovee,8/27/1996,Savannah,GA
AGENT00371,Alan Henriquez,5/12/2012,Louisville,KY
AGENT00372,Elizabeth Frazier,2/21/1996,Glendale,AZ
AGENT00373,Rose Suazo,8/7/2015,Louisville,KY
AGENT00374,Robert Walker,11/5/2017,Oklahoma City,OK
AGENT00375,Robert Fulk,5/17/1991,Edgewater,MD
AGENT00376,David Donnelly,8/22/2013,Washington,DC
AGENT00377,Robert Coldiron,9/23/2005,Mountain View,CA
AGENT00378,William Mckay,11/23/2016,Danville,VT
AGENT00379,Tracy Straight,2/19/1995,Aurora,CO
AGENT00380,Louise Turney,12/29/2016,Hartford,VT
AGENT00381,Margaret Batchelor,8/9/2007,Manchester,CT
AGENT00382,Deborah Cendejas,2/18/1992,Washington,DC
AGENT00383,Fredrick Killen,1/27/2014,Glendale,AZ
AGENT00384,Rhonda Mason,5/11/2003,Anchorage,AK
AGENT00385,Sarah Pearce,1/1/2009,Annapolis,MD
AGENT00386,Justin Bowers,8/11/2008,Bakersfield,CA
AGENT00387,Emma Hardwick,3/23/1992,Ardmore,OK
AGENT00388,Larry Scott,1/6/2003,Woodland,CA
AGENT00389,Gene Jeffries,9/26/2010,Fremont,CA
AGENT00390,Robert Pender,8/10/2008,Nashville,TN
AGENT00391,Bernice Mcneeley,10/21/2014,Danville,VT
AGENT00392,Ramon Brandt,4/26/2015,Arvada,CO
AGENT00393,Diane Ebeid,1/23/2016,Montgomery,AL
AGENT00394,Thomas Fannin,4/5/1995,Manchester,CT
AGENT00395,Randall Anna,2/18/2001,Panama City,FL
AGENT00396,Majorie Holt,1/2/2016,Charlton,MA
AGENT00397,Humberto Tanguay,1/16/1993,Medford,MA
AGENT00398,Sarah Roorda,7/21/2008,Fremont,CA
AGENT00399,Olivia Bancroft,3/11/1997,Oakland,CA
AGENT00400,Sarah Brown,2/16/2000,Newport,VT
AGENT00401,Carissa Niemann,5/6/2000,Manchester,CT
AGENT00402,Luciano Jackson,8/1/2009,Bakersfield,CA
AGENT00403,Thomas Cunha,6/21/2011,Manchester,CT
AGENT00404,Terry Reitan,8/10/1998,Pooler,GA
AGENT00405,Dianne Purcell,9/7/2001,Glendale,AZ
AGENT00406,John Hill,6/18/1999,Arvada,CO
AGENT00407,Tanner Payne,11/18/1990,Nashville,TN
AGENT00408,Mary Ryan,3/12/1997,Southport,FL
AGENT00409,Darryl Hafenstein,9/4/2006,Savannah,GA
AGENT00410,Ken Tantillo,12/18/2006,Severna Park,MD
AGENT00411,Michael Proctor,10/19/2012,Panama City,FL
AGENT00412,Sondra Roder,2/15/2000,,VT
AGENT00413,Amy Wangler,1/6/1994,Nashville,TN
AGENT00414,Christine Carter,6/17/2016,Washington,DC
AGENT00415,Angel Alexander,8/26/2012,Manchester,CT
AGENT00416,Todd Bell,10/17/2016,Nashville,TN
AGENT00417,Thomas Hull,2/20/1999,Hayward,CA
AGENT00418,Laura Harris,1/18/2003,Chelmsford,MA
AGENT00419,Brian Harris,6/18/2002,Louisville,KY
AGENT00420,Joyce Fortner,5/30/2012,Nashville,TN
AGENT00421,Susan Gigliotti,8/24/1996,Nashville,TN
AGENT00422,Maggie Gentile,12/14/2007,Washington,DC
AGENT00423,Kellie Floto,4/24/2017,Annapolis,MD
AGENT00424,Robert Obrien,4/5/1991,Hartland,VT
AGENT00425,William Howard,5/27/2012,Arvada,CO
AGENT00426,Alan Mcmanus,1/18/2009,Oklahoma City,OK
AGENT00427,James Haynes,1/10/2001,Blue Lake,CA
AGENT00428,Donita Taylor,7/5/2011,Montgomery,AL
AGENT00429,Richard Farrell,11/1/1991,Arvada,CO
AGENT00430,James Mitchell,11/9/2006,Concord,CA
AGENT00431,Sunshine Lopez,4/5/2008,Fall River,MA
AGENT00432,Merle Stancil,5/9/2001,Arvada,CO
AGENT00433,Shawna Bailey,7/16/1990,Glendale,AZ
AGENT00434,Edward Odom,10/5/2005,Glendale,AZ
AGENT00435,Eugene Brox,11/9/1996,Washington,DC
AGENT00436,Edward Ferguson,6/12/1994,Mexico Beach,FL
AGENT00437,Sarah Mcnish,12/19/2007,Washington,DC
AGENT00438,Hollis Mcmillian,11/22/2014,Manchester,CT
AGENT00439,Nancy Hannah,3/29/2017,Littleton,CO
AGENT00440,Betty Zeigler,7/29/2015,Norman,OK
AGENT00441,Charles Earl,5/23/2000,West Windsor,VT
AGENT00442,John Morrison,11/12/1997,Panama City,FL
AGENT00443,Linda Driver,4/18/1998,Anchorage,AK
AGENT00444,Cinthia Carpenter,5/11/2010,Livermore,CA
AGENT00445,Kara Steele,5/10/2015,Anchorage,AK
AGENT00446,Christina Bock,10/30/2009,Berkeley,CA
AGENT00447,Sandy Loucks,9/30/2001,Berkeley,CA
AGENT00448,Joseph Peterson,3/31/2000,Arvada,CO
AGENT00449,Richard Saucedo,5/26/2017,Berkeley,CA
AGENT00450,Peter Thomas,10/12/2017,Washington,DC
AGENT00451,Michael Dike,5/31/2008,Fayetteville,AR
AGENT00452,David Mcintire,4/11/2008,Fremont,CA
AGENT00453,Jose Hannaford,11/16/2006,Tahoe City,CA
AGENT00454,Roscoe Ricci,7/31/1993,Pasadena,MD
AGENT00455,Roger Hacker,1/20/2004,Fayetteville,AR
AGENT00456,David Harris,11/28/2015,Pooler,GA
AGENT00457,Chester Kuehn,1/13/2014,Lynn Haven,FL
AGENT00458,Nina Delker,9/23/1991,Montgomery,AL
AGENT00459,Jerry Hoopes,6/22/2002,Edmond,OK
AGENT00460,Jamie Williams,5/26/2012,Oklahoma City,OK
AGENT00461,Michael Braddock,10/7/2016,Quincy,MA
AGENT00462,Charles Tabares,3/23/1994,Panama City Beach,FL
AGENT00463,Randy Preston,4/29/2012,Castro Valley,CA
AGENT00464,Dana Ewing,5/5/2011,Thunderbolt,GA
AGENT00465,Allison Taylor,9/3/2012,Glendale,AZ
AGENT00466,Mary Beals,9/28/1991,Oklahoma City,OK
AGENT00467,Thomas Marshall,2/28/2004,Washington,DC
AGENT00468,Andrea Beaucage,4/18/1993,Anchorage,AK
AGENT00469,Stephen Fanter,4/3/2012,Fremont,CA
AGENT00470,Charles Turner,4/4/2010,Piedmont,CA
AGENT00471,Mary Porter,10/18/2017,Nashville,TN
AGENT00472,Harold Campbell,11/26/2003,Greensboro,VT
AGENT00473,Kenneth Bottorff,11/2/2013,Nashville,TN
AGENT00474,Antoinette Rehkop,4/5/2003,Piedmont,CA
AGENT00475,Brittany Ramirez,4/8/2006,Fayetteville,AR
AGENT00476,Melvin Schmidt,11/13/1997,Panama City,FL
AGENT00477,Rebecca Santarelli,9/17/2006,Vergennes,VT
AGENT00478,Sharon Kilgore,11/14/1997,Moore,OK
AGENT00479,Letha Staton,3/18/2006,Brooklyn Park,MD
AGENT00480,Richard Burns,11/21/1995,Oakhurst,CA
AGENT00481,Mary Scribner,7/15/2000,Louisville,KY
AGENT00482,Jose Dame,1/14/2011,El Cerrito,CA
AGENT00483,Simone Linstrom,4/17/1996,Mesa,AZ
AGENT00484,Wilson Herrick,9/10/2005,Arvada,CO
AGENT00485,Peter Bailey,12/2/1992,Anchorage,AK
AGENT00486,Ray Higdon,12/13/2006,Oklahoma City,OK
AGENT00487,Deborah Bolyard,1/16/2004,Revere,MA
AGENT00488,Jeanine Chee,4/29/1999,Anchorage,AK
AGENT00489,Molly Martz,9/4/1993,Louisville,KY
AGENT00490,Kenneth Elmer,6/12/2015,Glendale,AZ
AGENT00491,Joel Nix,10/9/2011,Louisville,KY
AGENT00492,James Wood,4/17/2006,Fremont,CA
AGENT00493,Sandra Chau,10/17/1999,Nashville,TN
AGENT00494,Hilary Ruffo,8/27/1993,Savannah,GA
AGENT00495,Marcia Ramirez,5/26/2000,Louisville,KY
AGENT00496,Shawn Mitchell,7/31/2014,Louisville,KY
AGENT00497,Donnell Phillips,7/17/2007,Thetford,VT
AGENT00498,Connie Phillips,3/20/1991,Hartland,VT
AGENT00499,Carolyn Todd,7/23/1991,Savannah,GA
AGENT00500,Matthew Reed,6/24/1998,Washington,DC
AGENT00501,Shirley Conway,2/10/1998,Arvada,CO
AGENT00502,Yvonne Rogers,7/9/2005,Washington,DC
AGENT00503,Robbie Sampley,10/12/2002,Essex,VT
AGENT00504,Chris Trahan,10/28/1992,Montgomery,AL
AGENT00505,Janet Stevens,6/24/2001,Arvada,CO
AGENT00506,Olive Buchanan,3/8/2005,Tewksbury,MA
AGENT00507,Gabriel Lucas,5/15/2002,West Sacramento,CA
AGENT00508,Lilia Fletcher,3/2/2007,Manchester,CT
AGENT00509,Ryan Otoole,5/18/2006,Bethany,OK
AGENT00510,Katherine Williams,11/14/2008,Louisville,KY
AGENT00511,Delores Scott,12/31/1996,Glen Burnie,MD
AGENT00512,Patricia Burnett,4/20/2012,Duxbury,MA
AGENT00513,Thomas Freeman,7/15/2007,Washington,DC
AGENT00514,Isaura Cole,7/7/2011,Glendale,AZ
AGENT00515,Janelle Hill,9/30/2004,Fayetteville,AR
AGENT00516,Jose Wood,9/12/2012,Pawlet,VT
AGENT00517,Betty Henderson,6/29/2010,Newfane,VT
AGENT00518,Carl Heck,3/17/2017,Athol,MA
AGENT00519,William Clark,7/7/2016,Palmer,MA
AGENT00520,Geraldine Ritter,8/14/2008,Oklahoma City,OK
AGENT00521,Sarah Gabriel,11/5/2001,Melrose,MA
AGENT00522,Dexter Herman,2/17/2002,Montgomery,AL
AGENT00523,Sandra Lemieux,7/5/1998,San Leandro,CA
AGENT00524,Sylvia Bapties,10/12/1990,Hayward,CA
AGENT00525,Don Ritchie,7/13/1992,Rancho Palos Verdes,CA
AGENT00526,Doris Aragon,11/14/2004,Brookline,MA
AGENT00527,Ian Garrett,5/13/2005,Pooler,GA
AGENT00528,Victoria Miles,8/2/1999,Louisville,KY
AGENT00529,David Fitzpatrick,9/2/1990,Savannah,GA
AGENT00530,Richard Schexnayder,4/23/2014,Aptos,CA
AGENT00531,Tara Walling,6/21/2017,Glen Burnie,MD
AGENT00532,John Lester,11/21/2017,Fayetteville,AR
AGENT00533,Barbara Rentz,9/10/2012,Anchorage,AK
AGENT00534,Richard Sheehan,4/7/1992,Washington,DC
AGENT00535,William Defalco,5/3/2009,Fayetteville,AR
AGENT00536,Florence Ashlock,11/19/1997,Glendale,AZ
AGENT00537,Jaime Villanueva,2/6/2011,Glendale,AZ
AGENT00538,Gerald Kolmer,12/11/2002,Burlington,VT
AGENT00539,Bryan Mccurdy,8/24/1996,Middleborough,MA
AGENT00540,William Harper,12/28/2003,San Leandro,CA
AGENT00541,Travis Velasco,7/8/2000,Anchorage,AK
AGENT00542,Andrew Tomczak,6/30/2015,Washington,DC
AGENT00543,Lucia Holt,8/13/1991,New Bedford,MA
AGENT00544,Virginia Baker,3/2/2014,Washington,DC
AGENT00545,Bruce Weeden,2/8/2013,Pooler,GA
AGENT00546,Charles Wilson,7/3/2013,Savannah,GA
AGENT00547,Richard Anderson,12/11/2012,Nashville,TN
AGENT00548,Dorothy Bruce,8/19/2016,Oklahoma City,OK
AGENT00549,Anthony Contreras,6/8/2015,Fremont,CA
AGENT00550,Oscar Travis,10/5/1998,San Leandro,CA
AGENT00551,Rickey Ellis,4/4/2004,Gibson Island,MD
AGENT00552,Lauren Kimble,7/29/1998,Arvada,CO
AGENT00553,Jerry Clark,11/26/1999,Essex,VT
AGENT00554,Daniel Benevides,7/25/1991,Glen Burnie,MD
AGENT00555,Dorothy Bedell,5/10/2016,Anchorage,AK
AGENT00556,Pearl Bowdry,10/5/2008,Livermore,CA
AGENT00557,Martha Terry,3/25/2012,Fayetteville,AR
AGENT00558,Cecile Pasceri,4/4/1993,Annapolis,MD
AGENT00559,Walter Hardesty,2/26/2006,Bakersfield,CA
AGENT00560,Delphia Sammarco,6/7/2002,Washington,DC
AGENT00561,Julia Constant,8/14/2015,Savannah,GA
AGENT00562,Steve Gray,11/26/2008,Ludlow,VT
AGENT00563,Arthur Gordon,3/11/2001,West River,MD
AGENT00564,Mary Harris,3/27/1991,Washington,DC
AGENT00565,Jonathan Onusko,4/9/1997,Annapolis,MD
AGENT00566,Paul Ragland,2/5/2014,Litchfield Park,AZ
AGENT00567,Albert Tardiff,8/30/1998,Glendale,AZ
AGENT00568,Brian Christensen,1/12/2001,Louisville,KY
AGENT00569,Alvin Herrman,8/5/1992,Glendale,AZ
AGENT00570,Michael Holbrook,9/12/1999,Waltham,MA
AGENT00571,Michele Downs,7/7/2008,Anchorage,AK
AGENT00572,Harriett Williamson,7/5/2001,Manchester,CT
AGENT00573,Diane Burge,4/17/2013,Yarmouth,MA
AGENT00574,Jacqueline Craft,6/6/2004,Fayetteville,AR
AGENT00575,Donna Boucher,4/12/2015,Manchester,CT
AGENT00576,Bertha Reynolds,8/23/2001,Montgomery,AL
AGENT00577,David Magill,7/30/2014,Arvada,CO
AGENT00578,Richard Swinford,4/4/1992,Westfield,MA
AGENT00579,Lori Peterson,8/24/2000,Savannah,GA
AGENT00580,John Hassan,7/5/1997,Anchorage,AK
AGENT00581,Angel Elliott,3/27/1998,Bolton,VT
AGENT00582,Michael Reed,3/12/2015,Oakland,CA
AGENT00583,Thomas Brauer,4/25/2018,Fayetteville,AR
AGENT00584,William Bassett,12/17/2000,Roseville,CA
AGENT00585,Matthew Stepp,8/15/2008,Washington,DC
AGENT00586,Danny Morrison,7/13/1991,Carlsbad,CA
AGENT00587,Evelyn Carter,9/6/2003,Athol,MA
AGENT00588,John Travis,10/23/2006,Anchorage,AK
AGENT00589,Jeffrey Jackson,11/10/2003,Dracut,MA
AGENT00590,Ronnie Carter,9/5/2008,Tybee Island,GA
AGENT00591,Jill Noble,12/16/2001,Crownsville,MD
AGENT00592,Sara Ruiz,9/11/1991,Arvada,CO
AGENT00593,Jennifer Wright,2/15/2006,Arvada,CO
AGENT00594,Susan Russell,9/15/2003,Oakland,CA
AGENT00595,Patricia Taylor,2/15/2006,Alameda,CA
AGENT00596,Robert Janus,1/2/2016,Washington,DC
AGENT00597,Loretta Branson,7/1/2014,Arvada,CO
AGENT00598,Alicia Workman,6/16/2002,Port Charlotte,FL
AGENT00599,James Miller,1/26/2015,Norwood,MA
AGENT00600,Ray Kutz,11/11/2003,Arvada,CO
AGENT00601,Evelyn Bacot,10/4/1994,Montgomery,AL
AGENT00602,Brandi Twitchell,1/9/1992,Montgomery,AL
AGENT00603,Eleanor Timko,9/27/1993,Severn,MD
AGENT00604,Thelma Salinas,3/26/2014,Framingham,MA
AGENT00605,Frances Smith,2/15/1999,Anchorage,AK
AGENT00606,Jamie Collins,8/30/2000,Panama City Beach,FL
AGENT00607,Joyce Bumgardner,4/19/2005,Norman,OK
AGENT00608,Renee Zaldana,2/24/2015,Mammoth Lakes,CA
AGENT00609,Mathew Prater,9/17/1993,Manchester,CT
AGENT00610,Gene Duarte,9/3/1991,Montgomery,AL
AGENT00611,Michael Olson,3/13/2008,Arvada,CO
AGENT00612,Susan Mincey,2/17/1998,Louisville,KY
AGENT00613,Samuel Keppler,7/3/1998,Manchester,CT
AGENT00614,Scott Leist,6/13/2006,Savannah,GA
AGENT00615,Kira Bilodeau,1/24/1998,Arvada,CO
AGENT00616,Dave Mitchelle,1/14/2014,Pooler,GA
AGENT00617,Michael Brim,11/28/2001,Oklahoma City,OK
AGENT00618,David Carr,9/10/2006,Palmer,MA
AGENT00619,Billie Barefield,6/24/2011,Washington,DC
AGENT00620,Bobbie Burwell,4/17/2007,Arvada,CO
AGENT00621,Richard Murphy,11/6/1990,Montgomery,AL
AGENT00622,Roscoe Wooden,1/4/2015,Anchorage,AK
AGENT00623,William Crume,1/23/1993,Louisville,KY
AGENT00624,Stacey Louis,5/17/2007,Nashville,TN
AGENT00625,Mary Vick,5/24/1995,Hayward,CA
AGENT00626,Wayne Rios,7/7/2001,Arvada,CO
AGENT00627,Lori Rutledge,7/31/2011,Moretown,VT
AGENT00628,Marsha Kingsley,5/5/2015,Savannah,GA
AGENT00629,Brandy Fuentez,11/27/2004,North Reading,MA
AGENT00630,Myrtle Mackie,4/20/2014,Middleton,MA
AGENT00631,Ashley Baird,1/6/2000,Nashville,TN
AGENT00632,Caitlin Campbell,10/13/2012,Severn,MD
AGENT00633,Clarence Mcclendon,9/18/2016,West Brattleboro,VT
AGENT00634,Constance Padel,3/24/2012,Anchorage,AK
AGENT00635,Allison Bailey,2/12/2008,Nashville,TN
AGENT00636,Brenda Bean,1/19/2010,Glen Burnie,MD
AGENT00637,Martha Dunne,8/21/2005,Montgomery,AL
AGENT00638,Kathryn Mckee,2/27/2009,Norman,OK
AGENT00639,Shelby Richards,3/1/1995,Manchester,CT
AGENT00640,Mary Woods,9/9/2017,Arvada,CO
AGENT00641,Tom Lee,9/10/2014,Glendale,AZ
AGENT00642,Toni Singh,10/3/1998,Manchester,CT
AGENT00643,Alicia Richards,7/2/2017,Arvada,CO
AGENT00644,James Castlen,3/9/1995,Fayetteville,AR
AGENT00645,Anthony Joshi,3/12/2011,Fayetteville,AR
AGENT00646,Emma Tubbs,7/19/2000,Arvada,CO
AGENT00647,Jefferson Tadlock,7/19/2006,,VT
AGENT00648,Melody Koontz,8/8/2016,Louisville,KY
AGENT00649,Maria Briggs,6/9/2004,Winchester,MA
AGENT00650,Marvin Robinson,1/4/2010,Oakland,CA
AGENT00651,Ernestine Baxter,2/8/2012,Washington,DC
AGENT00652,Emily Kilgore,7/5/2015,Savannah,GA
AGENT00653,William Stewart,6/21/1995,Montgomery,AL
AGENT00654,Dominique Touhey,10/28/2015,Severn,MD
AGENT00655,Jason Davis,8/28/2007,Savannah,GA
AGENT00656,Matthew Harrison,9/23/1994,Savannah,GA
AGENT00657,David Agnew,2/27/1992,Crofton,MD
AGENT00658,Edwin Raines,8/4/2004,Washington,DC
AGENT00659,Julie Lang,6/27/1997,Garden City,GA
AGENT00660,Ralph Roberson,11/15/2006,Anchorage,AK
AGENT00661,Johnny Borders,11/14/1993,Manchester,CT
AGENT00662,Ernestine Dedrick,7/10/2009,Louisville,KY
AGENT00663,Foster Rucker,6/26/1998,Baltimore,MD
AGENT00664,Howard Planas,3/1/1994,Nichols Hills,OK
AGENT00665,Peggy Shaw,7/31/1995,Panama City,FL
AGENT00666,Fernando Tippets,11/29/2003,Edmond,OK
AGENT00667,Jim Espinosa,2/2/2002,Montgomery,AL
AGENT00668,Carol Prescott,1/3/2010,Castro Valley,CA
AGENT00669,Clayton Veit,2/11/1997,Mammoth Lakes,CA
AGENT00670,Susan Sanders,5/23/2013,Manchester,CT
AGENT00671,Stacy Bird,7/28/2010,Savannah,GA
AGENT00672,Amos Casillas,2/27/1992,Oakland,CA
AGENT00673,Virginia Vorse,3/21/2002,Washington,DC
AGENT00674,Carlos Nelson,11/16/2006,Anchorage,AK
AGENT00675,Cindy Wilcox,6/28/2003,Waddell,AZ
AGENT00676,Elizabeth Baeza,12/15/2017,Glendale,AZ
AGENT00677,Mary Apilado,4/6/2007,Louisville,KY
AGENT00678,Norman Brown,4/5/2004,Glendale,AZ
AGENT00679,Clara Barnett,8/25/1994,Savannah,GA
AGENT00680,Martha Hanni,4/13/2011,Manchester,CT
AGENT00681,Luciano Urbina,2/23/1993,Pasadena,MD
AGENT00682,Michael Ortiz,8/10/2000,Anchorage,AK
AGENT00683,Elodia Brown,5/23/1994,Montgomery,AL
AGENT00684,Candace Oleson,3/13/2015,Fayetteville,AR
AGENT00685,Willie Drew,4/11/2000,Anchorage,AK
AGENT00686,Louise Garst,9/19/2003,Saint Albans City,VT
AGENT00687,Crystal Bostic,8/21/1996,Severna Park,MD
AGENT00688,Glenda Briney,3/8/1991,Brentwood,TN
AGENT00689,Connie Hunt,12/24/2009,Arvada,CO
AGENT00690,Robert Ward,8/21/2010,Louisville,KY
AGENT00691,Terri Kranz,4/27/2002,Fayetteville,AR
AGENT00692,Allen Bailey,2/2/1998,Castleton,VT
AGENT00693,Gerald Proctor,6/26/1991,Glendale,AZ
AGENT00694,Jean Dominguez,11/1/2004,Manchester,CT
AGENT00695,Michael Pat,11/13/1995,Manchester,CT
AGENT00696,James Harrison,2/17/1999,Union City,CA
AGENT00697,Judy Hall,11/2/2015,Louisville,KY
AGENT00698,Noemi Guerrero,12/11/2008,Glendale,AZ
AGENT00699,Chris Edmonds,6/4/2001,Westmore,VT
AGENT00700,Jonas Walker,7/3/2010,Glendale,AZ
AGENT00701,Jenny Mikelson,6/3/2007,Edmond,OK
AGENT00702,William Cole,10/19/1990,Barre,VT
AGENT00703,Sherri Bowser,5/20/2010,Fayetteville,AR
AGENT00704,Jane Townsend,6/28/2006,Glendale,AZ
AGENT00705,William Ruder,7/13/1998,Moore,OK
AGENT00706,Laura Staggs,5/27/2013,Roseville,CA
AGENT00707,Nancy Tseng,7/26/2004,Wheat Ridge,CO
AGENT00708,Fannie Miranda,3/1/2017,Savannah,GA
AGENT00709,Richard Joyner,6/3/2001,Pasadena,MD
AGENT00710,Michelle Theriot,9/11/2011,Edmond,OK
AGENT00711,Casey King,6/11/2013,Arvada,CO
AGENT00712,Karen Brown,1/18/2002,Glendale,AZ
AGENT00713,Ashley Jackson,6/1/2017,Manchester,CT
AGENT00714,Elias Bergan,10/9/1999,Manchester,CT
AGENT00715,Everett Lopez,9/11/1994,Savannah,GA
AGENT00716,David Zuluaga,2/21/1994,Panama City Beach,FL
AGENT00717,Richard Mckinney,6/26/2011,Savannah,GA
AGENT00718,Cheryl Haynes,1/16/2016,Nashville,TN
AGENT00719,Jose Jones,12/24/1999,Lynn Haven,FL
AGENT00720,Margaret Collier,12/17/2004,Manchester,CT
AGENT00721,Martin Murphy,1/31/2016,,CA
AGENT00722,Kim Coll,7/9/2005,Barre,VT
AGENT00723,Thomas Phariss,10/25/1992,Montgomery,AL
AGENT00724,Dortha Davis,8/27/1997,Montgomery,AL
AGENT00725,Mary Williams,1/15/1996,Louisville,KY
AGENT00726,Phil Murat,6/4/1993,Windsor,VT
AGENT00727,Evelyn Hurt,3/3/1992,Duxbury,MA
AGENT00728,Robert Rusher,9/28/2010,Oklahoma City,OK
AGENT00729,Samuel Tolman,7/26/1994,Oklahoma City,OK
AGENT00730,Enrique Acosta,1/18/2008,Panama City,FL
AGENT00731,Lacy Powers,4/28/2006,Washington,DC
AGENT00732,Sylvia Tran,2/14/1998,Litchfield Park,AZ
AGENT00733,Karla Cota,11/4/2004,Norman,OK
AGENT00734,Patrick Baptiste,10/29/2006,Anchorage,AK
AGENT00735,Kieth Black,12/7/2014,Pasadena,MD
AGENT00736,Robert Dixon,7/22/1992,Hayward,CA
AGENT00737,Joan Schuldt,11/21/2007,Louisville,KY
AGENT00738,Marco Lopez,12/10/1995,Arvada,CO
AGENT00739,Jonathan Ortiz,8/21/2000,Nashville,TN
AGENT00740,Aletha Cooper,2/25/2002,Glendale,AZ
AGENT00741,Michael Buchanan,8/4/1994,Glendale,AZ
AGENT00742,Robert Densmore,6/4/2004,Savannah,GA
AGENT00743,Roberto Wetzel,12/23/2015,Anchorage,AK
AGENT00744,Dorothy Rodriguez,5/11/1997,Glendale,AZ
AGENT00745,Paul Yocom,11/22/2003,Louisville,KY
AGENT00746,Christopher Harris,4/21/2012,Oakland,CA
AGENT00747,Tanya Caswell,12/20/2010,Glendale,AZ
AGENT00748,Anna Paulo,12/8/1995,Savannah,GA
AGENT00749,Richard Melendez,1/31/2014,San Gabriel,CA
AGENT00750,Mildred Whitmore,5/28/2000,Fayetteville,AR
AGENT00751,Mirta Parson,1/4/1995,Glendale,AZ
AGENT00752,Trevor Bishop,5/25/2006,Hartford,VT
AGENT00753,Constance Nathanson,9/11/2002,Anchorage,AK
AGENT00754,Ismael Miller,5/13/2008,Montgomery,AL
AGENT00755,Patricia Williams,10/23/2001,Montgomery,AL
AGENT00756,Elizabeth Smith,11/12/2006,Oklahoma City,OK
AGENT00757,Nora Stump,5/11/2004,Montgomery,AL
AGENT00758,David Bernal,10/6/1994,Savannah,GA
AGENT00759,Cynthia Lowe,4/13/2013,Montgomery,AL
AGENT00760,Emil Savage,12/24/2000,Savannah,GA
AGENT00761,Marlene West,2/6/1998,Crofton,MD
AGENT00762,Juanita Mccommons,10/29/1990,Louisville,KY
AGENT00763,Paul Banerjee,3/10/2000,Newark,CA
AGENT00764,Kimberly Zwolinski,6/9/2009,Oroville,CA
AGENT00765,Pam Ault,5/14/1993,Nashville,TN
AGENT00766,Ellen Chon,10/20/1996,Savannah,GA
AGENT00767,Mike Purnell,12/13/1995,Montgomery,AL
AGENT00768,Magdalena Kirby,1/9/2017,Panama City,FL
AGENT00769,Jessica Montez,5/28/2004,Glendale,AZ
AGENT00770,James Santiago,12/2/1990,Oklahoma City,OK
AGENT00771,Roger Burns,4/13/1995,Oklahoma City,OK
AGENT00772,Colleen Penn,6/24/2011,Arvada,CO
AGENT00773,David Brandenberger,12/20/1998,Arvada,CO
AGENT00774,Alfred Acuna,10/20/1994,Washington,DC
AGENT00775,Jewel Freeman,8/23/1997,Montgomery,AL
AGENT00776,Joshua Pagano,8/28/2007,Glendale,AZ
AGENT00777,Eleanor Lagatta,5/7/2013,Aurora,CO
AGENT00778,Bernice Ross,12/18/2006,Dublin,CA
AGENT00779,Melissa Scott,10/12/1990,Fayetteville,AR
AGENT00780,Yvonne Coomer,12/22/1996,Washington,DC
AGENT00781,Matthew Williams,9/11/2001,Anchorage,AK
AGENT00782,Wilma Rubio,6/23/2003,Anchorage,AK
AGENT00783,Lynette Curran,9/17/2007,Washington,DC
AGENT00784,Deanna Elmore,6/7/1997,Manchester,CT
AGENT00785,Larry Wakham,7/5/2007,Nashville,TN
AGENT00786,Victor Perrin,2/11/1993,Louisville,KY
AGENT00787,Etta Brooks,6/11/1992,Nashville,TN
AGENT00788,Casey Bachman,9/25/2002,Auburn,MA
AGENT00789,Alison Baron,12/20/2005,Arvada,CO
AGENT00790,Clay Harmon,5/31/2011,Montgomery,AL
AGENT00791,Donald Seta,5/10/2005,Palmer,MA
AGENT00792,Beatrice Pontius,9/12/2008,Savannah,GA
AGENT00793,Walter Prue,12/31/2002,Oakland,CA
AGENT00794,Gladys Parsons,8/27/2009,Glen Burnie,MD
AGENT00795,Bradley Jackson,11/30/1997,South Lake Tahoe,CA
AGENT00796,Joseph Pluemer,7/16/1998,Fall River,MA
AGENT00797,Andrew Hayes,9/26/2010,Manchester,CT
AGENT00798,Christopher Radtke,1/28/2004,Washington,DC
AGENT00799,Jimmy Sisk,10/19/2012,Alburgh,VT
AGENT00800,Barbara Brown,11/29/2003,Glendale,AZ
AGENT00801,Michelle Lewis,11/10/2009,Ardmore,OK
AGENT00802,Brenda Meadows,3/16/1996,Manchester,CT
AGENT00803,Milissa Scott,1/2/2014,Panama City,FL
AGENT00804,Kenna Olsen,3/29/2002,Montgomery,AL
AGENT00805,Brian Blocker,10/29/1991,Anchorage,AK
AGENT00806,Martin Eaton,12/18/2011,Louisville,KY
AGENT00807,Don Filkins,8/18/2000,Arvada,CO
AGENT00808,Barbara Gunn,9/23/1996,Nashville,TN
AGENT00809,Peter Henry,9/19/1992,Needham,MA
AGENT00810,George Ryan,4/8/2015,Crofton,MD
AGENT00811,Rebecca Harness,6/3/1995,Hayward,CA
AGENT00812,Erin Merson,1/10/2011,Arvada,CO
AGENT00813,Joshua Loftin,5/15/2000,Manchester,CT
AGENT00814,Kelli Miles,11/21/1998,Washington,DC
AGENT00815,Inez Mackenzie,10/30/1994,Fayetteville,AR
AGENT00816,Joshua Windham,11/18/1993,Manchester,CT
AGENT00817,Jason Diederich,7/16/1991,Fayetteville,AR
AGENT00818,Mary Ruffin,4/13/1999,Oklahoma City,OK
AGENT00819,John Bronstein,6/15/2016,Savannah,GA
AGENT00820,Marianne Montalvan,7/9/2005,Savannah,GA
AGENT00821,Melinda Smith,8/22/2012,Mammoth Lakes,CA
AGENT00822,Frederick Patterson,3/17/2001,Annapolis,MD
AGENT00823,David Neal,3/12/2005,Shaftsbury,VT
AGENT00824,Roger Ewing,9/28/2004,Montgomery,AL
AGENT00825,Todd Edwards,11/28/2009,Alameda,CA
AGENT00826,Brian Hansen,6/20/2013,Woburn,MA
AGENT00827,Craig Baade,4/15/1993,Montgomery,AL
AGENT00828,John Mccarter,3/7/2011,Washington,DC
AGENT00829,Loretta Ramos,4/5/1997,Manchester,CT
AGENT00830,John Barnum,1/27/1999,Oklahoma City,OK
AGENT00831,Chris Jenkins,6/10/2005,Fremont,CA
AGENT00832,Andrea Deleon,1/22/2016,Oklahoma City,OK
AGENT00833,Yvonne Mckeown,1/16/1994,Washington,DC
AGENT00834,Joseph Wendt,7/12/1997,Manchester,CT
AGENT00835,Kyle Collins,8/4/1992,Glendale,AZ
AGENT00836,Adam Dixon,6/21/2014,Union City,CA
AGENT00837,John Colson,4/25/2000,Glen Burnie,MD
AGENT00838,Elbert Duncan,6/27/1995,Bakersfield,CA
AGENT00839,Lisa Lopez,8/9/2000,Hartford,VT
AGENT00840,Sandra Hobbs,7/6/2010,Mansfield,MA
AGENT00841,Robert Ruderman,8/28/2007,Nashville,TN
AGENT00842,Janean Mccaffrey,7/13/1993,Lexington,MA
AGENT00843,Lee Strebe,1/27/2008,Washington,DC
AGENT00844,Kelly Coombs,11/22/1991,Savannah,GA
AGENT00845,Josephine Kraemer,11/7/2017,Panama City,FL
AGENT00846,Arleen Heard,11/2/2007,Manchester,CT
AGENT00847,Rose Cole,8/21/2015,Oakland,CA
AGENT00848,Columbus Newton,10/28/2013,Nichols Hills,OK
AGENT00849,Debbra Collins,3/13/2007,Fremont,CA
AGENT00850,Flora Treadway,2/3/2006,Anchorage,AK
AGENT00851,Sandra Holloway,1/7/2013,Port Wentworth,GA
AGENT00852,Kelli Rivas,1/14/2009,Anchorage,AK
AGENT00853,Christina Schwart,12/11/2008,Savannah,GA
AGENT00854,Jerry Barke,12/1/2004,Arvada,CO
AGENT00855,Cynthia Thompson,7/17/2007,Mountain View,CA
AGENT00856,Carol Ducharme,2/10/2011,Escondido,CA
AGENT00857,Sharon Grace,12/28/1991,Montgomery,AL
AGENT00858,Arthur Hurley,10/4/2000,Montgomery,AL
AGENT00859,Sally Gonzalez,9/2/1998,Fayetteville,AR
AGENT00860,Christopher Sincell,5/16/1991,Oklahoma City,OK
AGENT00861,Sheryl Chang,8/21/2010,Roseville,CA
AGENT00862,Earl Knight,9/29/1999,Norman,OK
AGENT00863,Sarah Brown,6/8/1996,Anchorage,AK
AGENT00864,Christopher Knopp,5/1/1996,Farmington,AR
AGENT00865,Elena Perez,4/8/2017,Anchorage,AK
AGENT00866,Fredrick Barcia,3/29/2015,Washington,DC
AGENT00867,Marcia Knowles,3/16/1991,Glendale,AZ
AGENT00868,Robert Inman,3/18/2014,Louisville,KY
AGENT00869,Natalie Gunther,12/19/2003,Louisville,KY
AGENT00870,Wade Gonzalez,3/18/2007,Severn,MD
AGENT00871,Charles Milam,4/26/1999,Crofton,MD
AGENT00872,Bill Tutt,3/13/2007,Lynn Haven,FL
AGENT00873,Kathryn Lloyd,3/28/1997,Conway,AR
AGENT00874,Michelle Perez,2/28/2000,Arvada,CO
AGENT00875,Phillip Moore,2/10/2012,Washington,DC
AGENT00876,Freda Holland,11/25/2005,Manchester,CT
AGENT00877,Jacob Williamson,6/16/2011,Montgomery,AL
AGENT00878,Lori Creamer,8/30/2012,Mexico Beach,FL
AGENT00879,Raymundo Pelchat,8/20/2010,Livermore,CA
AGENT00880,Albert Garcia,1/2/1998,Panama City,FL
AGENT00881,Maria Middleton,7/19/2014,Edmond,OK
AGENT00882,Robert Musgrave,3/14/2011,Anchorage,AK
AGENT00883,Howard Smith,8/1/2004,Montgomery,AL
AGENT00884,Dawn Krans,10/24/1993,Fayetteville,AR
AGENT00885,David Montes,3/15/1998,Bourne,MA
AGENT00886,Larry Miller,10/20/2004,Panama City Beach,FL
AGENT00887,Ross Herndon,9/22/1994,Nashville,TN
AGENT00888,Norma Patterson,7/17/2000,Savannah,GA
AGENT00889,John Martin,11/6/2015,Fayetteville,AR
AGENT00890,Dave Netzer,12/27/2000,Oklahoma City,OK
AGENT00891,Molly Hutchinson,1/3/2005,Louisville,KY
AGENT00892,Richard Gouty,8/7/2011,Arvada,CO
AGENT00893,Robert Villareal,1/29/2018,Fall River,MA
AGENT00894,Opal Faulkner,1/15/1997,Oklahoma City,OK
AGENT00895,Darla Hines,5/4/2016,Capitola,CA
AGENT00896,Callie Lewis,9/19/2015,Baltimore,MD
AGENT00897,Calvin Lewis,4/12/2006,Del City,OK
AGENT00898,Rebecca Stanton,3/5/1999,Hayward,CA
AGENT00899,Shaun Miller,9/24/1993,Savannah,GA
AGENT00900,Shelley Rollins,1/7/2006,Anchorage,AK
AGENT00901,Mildred Fair,3/21/2006,Edgewater,MD
AGENT00902,Janet Inman,5/7/2008,Montgomery,AL
AGENT00903,April Child,1/10/1994,Fayetteville,AR
AGENT00904,Pamela Moncivais,10/2/2015,Fayetteville,AR
AGENT00905,William Daigle,10/28/2008,Nashville,TN
AGENT00906,Tamara Watts,9/28/2017,Anchorage,AK
AGENT00907,John Werkhoven,7/19/1997,Fayetteville,AR
AGENT00908,Robert Dargan,11/13/2010,Grass Valley,CA
AGENT00909,Jasmin Bryant,7/2/2001,Manchester,CT
AGENT00910,Vincent Ragan,12/19/2016,Anchorage,AK
AGENT00911,Troy Caldwell,10/4/1990,Medford,MA
AGENT00912,Gordon Contreras,2/6/1996,Washington,DC
AGENT00913,Rhonda Wright,4/7/2010,Manchester,CT
AGENT00914,John Wilson,12/28/2009,Montgomery,AL
AGENT00915,Tina Estrada,5/5/1994,Magalia,CA
AGENT00916,Luis Knutsen,7/16/2001,Shelburne Falls,MA
AGENT00917,Maria Essig,3/25/1994,Severn,MD
AGENT00918,Bettie Greene,5/1/2006,Arvada,CO
AGENT00919,Aurelio Phillips,12/4/2004,Washington,DC
AGENT00920,Yolanda Samples,8/11/1996,Brentwood,TN
AGENT00921,Alex Erps,3/4/2014,Anchorage,AK
AGENT00922,Rebecca Marr,3/28/1997,Glendale,AZ
AGENT00923,Jason Collins,6/19/2012,Anchorage,AK
AGENT00924,Nicholas Martinez,5/18/2004,Panama City Beach,FL
AGENT00925,Lois Newberry,6/20/2012,Nashville,TN
AGENT00926,Annie Bobbitt,3/23/1992,Anchorage,AK
AGENT00927,Maria Lynn,4/16/2010,Fayetteville,AR
AGENT00928,Linda Lawrence,7/6/2010,Anchorage,AK
AGENT00929,Krista Cates,6/7/1993,Orange,CA
AGENT00930,Lewis Robertson,5/14/2000,Savannah,GA
AGENT00931,Teresa Hosey,1/7/1997,Fayetteville,AR
AGENT00932,Carl Chiarelli,2/17/1995,Barre,VT
AGENT00933,Lynette Blight,4/12/1997,Panama City,FL
AGENT00934,Roy Baldwin,12/18/2006,Manchester,CT
AGENT00935,Adam Villar,5/18/2009,Litchfield Park,AZ
AGENT00936,Charles Dennison,6/30/2000,San Leandro,CA
AGENT00937,Darrell Kuhls,4/9/1998,Athol,MA
AGENT00938,Robert Guardado,5/18/1995,Edmond,OK
AGENT00939,Robin Mrozinski,9/27/2014,Arvada,CO
AGENT00940,John Galvan,9/11/2006,Montgomery,AL
AGENT00941,Marsha Smith,9/16/1991,Washington,DC
AGENT00942,Scott Clarke,6/24/2018,Dublin,CA
AGENT00943,Jessica Perkins,4/20/2010,Panama City Beach,FL
AGENT00944,Melvin Stacey,1/9/2002,Louisville,KY
AGENT00945,Martin Mendez,11/13/1993,Panama City,FL
AGENT00946,Joseph Wight,8/29/2004,Nashville,TN
AGENT00947,Luis Castleman,5/23/2008,Savannah,GA
AGENT00948,Martha Deloach,12/24/1995,Severn,MD
AGENT00949,William Brunson,12/26/1992,Colchester,VT
AGENT00950,Leigh Stogsdill,6/21/1992,Berkeley,CA
AGENT00951,Zella Sons,7/20/2002,Savannah,GA
AGENT00952,James Volk,8/30/1996,Castro Valley,CA
AGENT00953,Patrick Strickland,10/24/2013,Fayetteville,AR
AGENT00954,Beverly Henline,7/17/1996,Pasadena,MD
AGENT00955,Bryan Dondero,11/22/2011,,VT
AGENT00956,Carolyn Doran,12/24/1997,Arvada,CO
AGENT00957,Sheryl Berry,2/12/2013,Montgomery,AL
AGENT00958,Luz Mcnally,6/17/2011,Livermore,CA
AGENT00959,Richard Hauser,5/4/2002,Holyoke,MA
AGENT00960,Sandra Nesbitt,2/18/2001,Anchorage,AK
AGENT00961,Joyce Hall,1/5/1996,Glendale,AZ
AGENT00962,Audra Brown,6/13/2008,Manchester,CT
AGENT00963,Sally Fogle,7/28/1991,Anchorage,AK
AGENT00964,Clara Bendel,6/23/2009,Manchester,CT
AGENT00965,Joan Norton,1/17/1997,Glen Burnie,MD
AGENT00966,Clifford Hernandez,2/27/1998,Deale,MD
AGENT00967,Misti Garnes,6/29/2004,Arvada,CO
AGENT00968,Kathryn Lehman,12/13/2006,Arvada,CO
AGENT00969,Julian Holland,9/10/1990,Panama City Beach,FL
AGENT00970,Dawn Adams,7/31/2014,Brentwood,TN
AGENT00971,Billy Caudill,2/12/2011,Louisville,KY
AGENT00972,Ruth Jordan,2/8/1991,Pooler,GA
AGENT00973,Michael Chan,12/7/2012,Savannah,GA
AGENT00974,Lee Leach,9/25/2013,Panama City Beach,FL
AGENT00975,James Trotter,12/10/1991,Chicopee,MA
AGENT00976,Eva Wallen,7/19/2012,Anchorage,AK
AGENT00977,Alan Martinez,6/10/1995,Hartford,VT
AGENT00978,Elaine Burney,4/20/2005,Manchester,CT
AGENT00979,Irene Gonzalez,8/6/1998,Washington,DC
AGENT00980,Gary Stiles,5/4/2011,Manchester,CT
AGENT00981,Kevin Marshall,10/8/1999,Anchorage,AK
AGENT00982,Elizabeth Kauffman,5/1/1997,Berkeley,CA
AGENT00983,David Montanye,10/11/2010,Glendale,AZ
AGENT00984,Roger Mccollum,3/9/2012,Edmond,OK
AGENT00985,Sherman Dammen,2/15/2008,Montgomery,AL
AGENT00986,Christopher Lazor,11/23/1991,Lowell,MA
AGENT00987,Arlene Johnson,10/18/1997,Louisville,KY
AGENT00988,Richard Swavely,12/7/1995,Montgomery,AL
AGENT00989,Stephen Snider,5/28/1991,Louisville,KY
AGENT00990,Louise Sarkin,2/25/2018,Montgomery,AL
AGENT00991,Earl King,1/29/2016,Oklahoma City,OK
AGENT00992,James Velasco,12/25/2017,Edmond,OK
AGENT00993,William Zeigler,2/20/2015,Cambridge,MA
AGENT00994,Geraldine Lopez,4/30/2001,Arvada,CO
AGENT00995,Robert Thompson,1/27/2007,Moore,OK
AGENT00996,Lisa Jones,3/29/1999,Panama City,FL
AGENT00997,Efren Anna,9/22/1993,Lowell,MA
AGENT00998,Winifred Sampson,11/21/1992,Glendale,AZ
AGENT00999,Judith Sissel,8/19/2002,Panama City,FL
AGENT01000,Rodney Iles,4/3/1995,Poultney,VT
AGENT01001,Bradley Bautista,7/23/1992,Louisville,KY
AGENT01002,Keith Thomas,6/26/1998,Castro Valley,CA
AGENT01003,Ana Ashford,10/6/2003,Annapolis,MD
AGENT01004,Robert Lopez,11/14/2010,Manchester,CT
AGENT01005,Gertrude Collier,5/1/2016,Nashville,TN
AGENT01006,Teresa Sedrakyan,11/30/1990,Ashland,MA
AGENT01007,Roosevelt Holsopple,12/16/1992,Thunderbolt,GA
AGENT01008,Jessica Huskey,12/10/2010,Livermore,CA
AGENT01009,Maria Garcia,6/15/1991,Glendale,AZ
AGENT01010,Wilfred Jenkins,2/12/2005,Manchester,CT
AGENT01011,Gabriel Duenes,4/13/2008,Montgomery,AL
AGENT01012,Shane Salazar,5/29/2006,Nashville,TN
AGENT01013,Brittany Hull,5/19/2000,Annapolis,MD
AGENT01014,Alphonso Shirey,4/27/2016,Glendale,AZ
AGENT01015,Alexandra Morvant,7/1/1998,Selma,CA
AGENT01016,Elise Oconor,10/7/2004,Panama City,FL
AGENT01017,Pamela Polanco,5/18/1992,Bristol,VT
AGENT01018,Theresa Aliaga,8/28/2002,Manchester,CT
AGENT01019,Sharon Thompson,11/12/2000,Lyndon,KY
AGENT01020,Willie Colquitt,11/1/2005,Barre,VT
AGENT01021,Frances Moye,2/20/2016,Castro Valley,CA
AGENT01022,Emily Mellas,6/22/1996,Oakland,CA
AGENT01023,David Taylor,10/24/1997,Glen Burnie,MD
AGENT01024,Derek Mcnorton,8/28/1995,Panama City,FL
AGENT01025,Ronald Fassett,8/27/2011,Nashville,TN
AGENT01026,Edward Hesse,1/30/2004,Savannah,GA
AGENT01027,Peter Bates,7/22/2001,Fayetteville,AR
AGENT01028,Andrea Castilla,3/17/2013,Montgomery,AL
AGENT01029,Scott Beadle,6/24/2005,Barnstable,MA
AGENT01030,Johnnie Wynn,8/13/1992,Manchester,CT
AGENT01031,Charles Whipps,10/11/2003,Savannah,GA
AGENT01032,James Williams,6/24/2016,Savannah,GA
AGENT01033,Dana Solomon,9/3/1992,Glendale,AZ
AGENT01034,Charles Caddel,4/3/2001,Oklahoma City,OK
AGENT01035,Patrick Murray,3/24/1997,Lynn Haven,FL
AGENT01036,Leana Bond,3/12/2010,Glendale,AZ
AGENT01037,Mary Franklin,10/18/1990,Montgomery,AL
AGENT01038,Edward Harling,12/4/2000,Edgewater,MD
AGENT01039,Michael Ingle,3/21/2010,Pueblo West,CO
AGENT01040,Jamie Rowland,3/6/1998,Glendale,AZ
AGENT01041,Daniel Mora,11/28/2015,Savannah,GA
AGENT01042,Alisa Hohman,5/12/2011,Fayetteville,AR
AGENT01043,Josephine Miller,5/13/2005,Norman,OK
AGENT01044,Steve Castillo,8/24/1998,Edmond,OK
AGENT01045,Pete Begley,1/11/1992,Groton,CT
AGENT01046,Rose Perino,6/21/1995,Fayetteville,AR
AGENT01047,Steven Jensen,5/10/2017,San Leandro,CA
AGENT01048,John Worsley,3/9/2012,Washington,DC
AGENT01049,Jazmin Lewison,1/21/1996,Fayetteville,AR
AGENT01050,David Daniel,2/10/1994,Anchorage,AK
AGENT01051,David Webb,9/15/2015,Glendale,AZ
AGENT01052,Casey Tidwell,8/8/2016,Berkeley,CA
AGENT01053,Emma Moreno,8/28/2015,Glendale,AZ
AGENT01054,Michael Blalock,9/25/2008,Woodbury,VT
AGENT01055,Terry Lochen,2/10/1998,Fayetteville,AR
AGENT01056,James Murphy,6/28/2015,Washington,DC
AGENT01057,Boyd Christie,5/2/2002,Montgomery,AL
AGENT01058,Eva Robinson,12/14/1994,Sutter Creek,CA
AGENT01059,Theodore Carrillo,3/17/2005,Glendale,AZ
AGENT01060,Lesa Minton,10/19/1993,Crofton,MD
AGENT01061,Alma Hamblin,8/5/1991,Oklahoma City,OK
AGENT01062,Berta Kellogg,9/6/2017,Escondido,CA
AGENT01063,Jacqueline Krous,3/17/2012,Anchorage,AK
AGENT01064,Cynthia Kern,5/3/1994,Anchorage,AK
AGENT01065,Fern Hatcher,12/16/1997,Washington,DC
AGENT01066,Amy King,2/13/2001,Montgomery,AL
AGENT01067,Danny Heckman,9/1/1990,Arvada,CO
AGENT01068,Patrick Snyder,1/5/1992,Arvada,CO
AGENT01069,Olga Baer,10/22/1995,Glendale,AZ
AGENT01070,John Dishon,7/4/2017,Arvada,CO
AGENT01071,Gary Grande,5/12/2002,Severna Park,MD
AGENT01072,Paul Brown,8/24/2006,Fremont,CA
AGENT01073,Andrea Manuel,8/19/2013,Nashville,TN
AGENT01074,Nathan Masterson,7/1/1998,Montgomery,AL
AGENT01075,Sylvia Hawkins,3/22/1996,Washington,DC
AGENT01076,George Eder,2/6/2012,Greeley,CO
AGENT01077,Sandra Tucker,12/14/1993,Washington,DC
AGENT01078,Patricia Gloeckner,8/26/2003,Newport,VT
AGENT01079,Willie Issa,7/30/2011,Arvada,CO
AGENT01080,Kay Gallo,6/7/1999,Panama City,FL
AGENT01081,Bernice Cobb,8/21/1998,Manchester,CT
AGENT01082,Robin White,8/9/2008,Savannah,GA
AGENT01083,Mark Fischer,1/14/2010,Anchorage,AK
AGENT01084,Heather Arterburn,7/20/2010,Savannah,GA
AGENT01085,Leo Gaydos,8/9/2015,Washington,DC
AGENT01086,Barbara Betancourt,8/24/2013,Holbrook,MA
AGENT01087,Dorothy Cooper,12/31/2010,Glendale,AZ
AGENT01088,Wesley Burger,11/25/2008,Montgomery,AL
AGENT01089,William See,2/14/2009,Washington,DC
AGENT01090,David Pastrano,10/21/1999,Aurora,CO
AGENT01091,Joshua Losey,10/9/2004,Montgomery,AL
AGENT01092,Anthony Campbell,1/10/2003,Panama City Beach,FL
AGENT01093,Jose Northrup,7/12/1994,Oakland,CA
AGENT01094,Robert Venable,4/15/1997,Saint Albans City,VT
AGENT01095,Luke Carrero,2/3/2014,Lynn Haven,FL
AGENT01096,Robert Beier,7/28/2016,Livermore,CA
AGENT01097,Barbara Miller,9/28/1993,Pittsfield,MA
AGENT01098,Adriane Clennon,1/23/1992,Glen Burnie,MD
AGENT01099,Zachariah Mason,9/5/1999,Fitchburg,MA
AGENT01100,Denice Harp,9/25/2010,Nashville,TN
AGENT01101,Andre Gault,5/13/1991,Manchester,CT
AGENT01102,Anne Hunt,8/5/2010,Louisville,KY
AGENT01103,Linda Ledford,1/4/2003,Arvada,CO
AGENT01104,Mitchell Cooks,4/24/1994,Anchorage,AK
AGENT01105,Betty Walker,1/6/2007,Anchorage,AK
AGENT01106,Isaac Willard,10/1/1999,Panama City Beach,FL
AGENT01107,Greg Mclaughlin,3/16/1995,Louisville,KY
AGENT01108,Sharon Wheeler,10/19/1997,Montgomery,AL
AGENT01109,Rita Landes,4/2/2007,Union City,CA
AGENT01110,Bryan Rasmussen,12/29/2002,Louisville,KY
AGENT01111,Beverly Williams,6/10/2007,Panama City Beach,FL
AGENT01112,Patricia Short,6/14/2018,Fremont,CA
AGENT01113,Michael Snyder,3/11/1999,Nashville,TN
AGENT01114,Dianne Peters,3/13/2010,Belchertown,MA
AGENT01115,Alex Peters,10/27/1999,Panama City Beach,FL
AGENT01116,Todd Martin,7/15/2006,Arvada,CO
AGENT01117,Karen Rawling,8/17/1995,Hurstbourne Acres,KY
AGENT01118,William Leslie,12/7/1993,Arvada,CO
AGENT01119,Robin Justice,9/20/2007,Nashville,TN
AGENT01120,Leslie Philbert,7/9/2004,Washington,DC
AGENT01121,Julia Holmgren,2/23/1996,Revere,MA
AGENT01122,Ray Dunlap,4/9/2008,Oklahoma City,OK
AGENT01123,Aiko Audet,5/18/2004,Woodford,VT
AGENT01124,Julie Sims,10/3/2013,Montgomery,AL
AGENT01125,Frank Valenzuela,9/20/2005,Washington,DC
AGENT01126,Robyn Garcia,4/14/1994,Oklahoma City,OK
AGENT01127,Robert Ward,6/2/1999,Glendale,AZ
AGENT01128,John Castle,9/1/2017,Berkeley,CA
AGENT01129,Christopher Amin,8/18/1991,Panama City,FL
AGENT01130,Lauren Resh,1/10/2018,Glendale,AZ
AGENT01131,Keith Davis,6/29/2009,Panama City,FL
AGENT01132,Henry Howell,4/6/2012,Nashville,TN
AGENT01133,Cynthia Illsley,6/6/2010,Savannah,GA
AGENT01134,Joanna Bailey,12/25/2007,Farmington,AR
AGENT01135,Shannon Kee,1/5/2005,Pooler,GA
AGENT01136,Melissa Dolecki,3/14/1996,Nashville,TN
AGENT01137,Dominique Martin,9/26/2004,Nashville,TN
AGENT01138,Allen Ayers,8/29/1991,Glendale,AZ
AGENT01139,Lois Sheets,10/31/2001,Manchester,CT
AGENT01140,Willie Smith,10/13/2013,Panama City Beach,FL
AGENT01141,Cynthia Hines,2/14/2012,Glendale,AZ
AGENT01142,Frank Kuss,6/2/2006,Nashville,TN
AGENT01143,George Milligan,10/19/1993,Glendale,AZ
AGENT01144,Karen Parker,9/18/1999,Oklahoma City,OK
AGENT01145,Jacqueline Scott,9/8/2005,Montgomery,AL
AGENT01146,Charla Dash,2/2/2004,Selma,CA
AGENT01147,Robert Talamantes,11/14/2001,Arvada,CO
AGENT01148,Charles Magnusson,6/5/2010,Washington,DC
AGENT01149,Bonnie Ray,1/29/2011,San Leandro,CA
AGENT01150,David Hernandez,8/13/2005,Anchorage,AK
AGENT01151,Clarence Saul,2/7/2015,Savannah,GA
AGENT01152,Michael Linzan,1/22/2012,Glendale,AZ
AGENT01153,John Lewis,8/14/2006,Linthicum Heights,MD
AGENT01154,Nichole Wright,11/24/2012,Revere,MA
AGENT01155,Francisca Carrier,11/14/1999,Glendale,AZ
AGENT01156,Margaret Wehling,9/9/1997,Fayetteville,AR
AGENT01157,Valerie Roush,7/27/1998,Arvada,CO
AGENT01158,Paul Hanson,10/25/2014,Arvada,CO
AGENT01159,Benjamin Lanier,3/25/2002,Glendale,AZ
AGENT01160,Scott Mcintyre,12/15/2012,Manchester,CT
AGENT01161,Charlotte Payne,10/12/2012,Manchester,CT
AGENT01162,James Martinez,3/26/2014,Nashville,TN
AGENT01163,William Rodriguez,7/2/2011,Manchester,CT
AGENT01164,George Perry,11/1/2005,Savannah,GA
AGENT01165,Charles Vanetten,7/18/1996,Anchorage,AK
AGENT01166,Lynn Bailey,12/4/1990,Peoria,AZ
AGENT01167,Jessica Bromley,4/1/1991,Chelmsford,MA
AGENT01168,Donald Olivarez,7/21/2002,Hayward,CA
AGENT01169,Tracey Banks,1/2/2015,Panama City,FL
AGENT01170,Lonnie Mcgill,11/14/2016,Nashville,TN
AGENT01171,John Roten,4/26/1997,Montgomery,AL
AGENT01172,Katherine Garcia,1/3/2017,Anchorage,AK
AGENT01173,William Petersen,2/1/1993,Evergreen,CO
AGENT01174,Trina Hill,11/10/1994,Glendale,AZ
AGENT01175,Nidia Snider,1/25/2002,Anchorage,AK
AGENT01176,Archie Coy,6/15/2012,Savannah,GA
AGENT01177,Jeffrey Merrell,7/10/2013,Louisville,KY
AGENT01178,David Young,11/14/1991,Linthicum Heights,MD
AGENT01179,Ryan Schneider,12/2/2005,Glendale,AZ
AGENT01180,Leo Leblanc,9/23/1993,Arvada,CO
AGENT01181,Bonita Holcomb,11/10/2001,Savannah,GA
AGENT01182,Micah Tucker,10/2/2008,Pleasanton,CA
AGENT01183,Elisa Guerrero,9/6/1991,Swanton,VT
AGENT01184,James Ayers,11/10/2008,Nashville,TN
AGENT01185,Edith Sutton,9/23/2005,Crownsville,MD
AGENT01186,Peggie Green,4/2/2006,Nashville,TN
AGENT01187,Stella Long,6/11/2016,Oklahoma City,OK
AGENT01188,Kenneth Bullard,5/15/2009,Arvada,CO
AGENT01189,Bruce Matheny,5/29/2001,Manchester,CT
AGENT01190,Shana Giffin,12/3/2007,Savannah,GA
AGENT01191,Amy Helton,3/17/1993,Needham,MA
AGENT01192,Maria Fitzgerald,5/13/2010,Anchorage,AK
AGENT01193,Manuel Montgomery,8/23/1995,Mexico Beach,FL
AGENT01194,Trudy Lamar,7/21/2006,Gardner,MA
AGENT01195,Sarah Razo,9/6/1992,Washington,DC
AGENT01196,Myrtle Mccatty,9/14/2005,Washington,DC
AGENT01197,John Dorsey,12/4/1993,Montgomery,AL
AGENT01198,Ruth Bigbee,9/5/1993,Annapolis,MD
AGENT01199,Tommie Camacho,10/25/2004,Arvada,CO
AGENT01200,Virginia Stachura,5/25/1999,Edgewater,MD
